epoch,time,train/box_loss,train/cls_loss,train/dfl_loss,metrics/precision(B),metrics/recall(B),metrics/mAP50(B),metrics/mAP50-95(B),val/box_loss,val/cls_loss,val/dfl_loss,lr/pg0,lr/pg1,lr/pg2
1,4.17489,0.98705,4.46732,0.98536,0.0025,1,0.995,0.83778,0.58174,3.30385,0.80491,0.00026,0.00026,0.00026
2,7.1088,0.94093,2.98066,0.94993,0.0025,1,0.55746,0.33823,0.95682,3.66129,0.98385,0.000529308,0.000529308,0.000529308
3,9.9102,0.94081,2.95086,0.963,0.0025,1,0.50226,0.35998,0.8473,3.5854,0.95789,0.000787528,0.000787528,0.000787528
4,12.6136,0.97269,2.80601,0.99888,0.33634,0.66667,0.66723,0.5002,0.86114,3.31255,0.98941,0.00103466,0.00103466,0.00103466
5,15.3211,0.9889,2.47026,1.01263,0.00564,1,0.66686,0.50082,0.91371,3.36329,0.97362,0.0012707,0.0012707,0.0012707
6,17.9436,1.07395,2.4625,1.04956,0.73861,0.33333,0.4725,0.14547,1.20636,3.4015,1.30061,0.00149566,0.00149566,0.00149566
7,20.5243,1.03314,2.15876,1.05854,0.47547,0.66667,0.51678,0.27946,1.24121,3.06344,1.09345,0.00170953,0.00170953,0.00170953
8,23.2098,0.97642,2.13743,1.00041,0.45521,0.57708,0.50235,0.33672,1.48842,6.54377,1.50716,0.0017228,0.0017228,0.0017228
9,25.7848,1.0361,2.02685,1.02552,0.64298,0.66667,0.67875,0.58618,0.97725,4.01396,1.01424,0.0016832,0.0016832,0.0016832
10,28.3751,1.02214,1.90847,1.07591,0.3031,0.33333,0.37103,0.20021,0.85015,9.26423,1.01156,0.0016436,0.0016436,0.0016436
11,30.8968,0.90752,1.72846,1.00444,0.28156,0.33333,0.27654,0.08904,1.29732,11.0385,1.82554,0.001604,0.001604,0.001604
12,33.6748,0.89473,1.55069,0.98155,0.32214,0.66667,0.22195,0.18317,1.50676,2.98375,1.89905,0.0015644,0.0015644,0.0015644
13,36.2157,0.89381,1.467,0.98247,0.58926,1,0.64133,0.4106,1.15302,1.84206,1.2998,0.0015248,0.0015248,0.0015248
14,38.9621,0.81919,1.2903,0.99862,0.98103,1,0.995,0.85153,0.77417,1.42617,0.94826,0.0014852,0.0014852,0.0014852
15,41.5202,0.78725,1.2768,0.98014,1,0.9869,0.995,0.82953,0.82077,1.19926,0.96822,0.0014456,0.0014456,0.0014456
16,44.217,0.95141,1.2909,1.02471,0.72309,1,0.9125,0.65553,1.15609,1.20931,1.15561,0.001406,0.001406,0.001406
17,46.797,0.81099,1.06782,0.94085,1,0.66066,0.80643,0.66193,0.8208,1.60357,0.95202,0.0013664,0.0013664,0.0013664
18,49.4428,0.75241,1.03776,0.92838,1,0.9735,0.995,0.69113,1.05404,0.87469,1.05541,0.0013268,0.0013268,0.0013268
19,51.9863,0.76679,1.04013,0.94755,1,0.94159,0.995,0.68892,0.792,0.94434,0.97996,0.0012872,0.0012872,0.0012872
20,54.6955,0.80341,1.04957,0.97211,0.98994,1,0.995,0.66733,1.05257,0.91518,1.13198,0.0012476,0.0012476,0.0012476
21,57.3279,0.80763,1.11507,0.96217,0.98496,1,0.995,0.8128,0.587,0.80393,0.88306,0.001208,0.001208,0.001208
22,59.9712,0.81733,0.95811,0.94621,0.98748,1,0.995,0.82956,0.61768,0.7556,0.89463,0.0011684,0.0011684,0.0011684
23,62.5462,0.77981,0.96895,0.93505,0.98162,1,0.995,0.8955,0.51831,0.64055,0.86706,0.0011288,0.0011288,0.0011288
24,65.2031,0.79345,0.86143,0.95032,0.98394,1,0.995,0.80722,0.80373,0.65413,0.93945,0.0010892,0.0010892,0.0010892
25,67.7568,0.72227,0.86155,0.92419,0.9885,1,0.995,0.77448,0.78136,0.67009,0.88842,0.0010496,0.0010496,0.0010496
26,70.3789,0.70892,0.85962,0.94665,0.98572,1,0.995,0.73015,0.87246,0.7299,0.93637,0.00101,0.00101,0.00101
27,73.0239,0.72918,0.84478,0.94936,0.9858,1,0.995,0.81916,0.91652,0.75624,0.96551,0.0009704,0.0009704,0.0009704
28,75.6983,0.71305,0.80124,0.94395,0.98678,1,0.995,0.81845,0.75347,0.61736,0.89136,0.0009308,0.0009308,0.0009308
29,78.3868,0.72034,0.77643,0.91808,0.98519,1,0.995,0.84038,0.70723,0.59236,0.89766,0.0008912,0.0008912,0.0008912
30,81.0562,0.70182,0.76202,0.91237,0.99132,1,0.995,0.84039,0.64643,0.66694,0.87991,0.0008516,0.0008516,0.0008516
31,83.5795,0.66059,0.76617,0.91577,0.98565,1,0.995,0.84039,0.62846,0.5336,0.87923,0.000812,0.000812,0.000812
32,86.2732,0.65075,0.7179,0.89531,0.98266,1,0.995,0.93989,0.56237,0.53069,0.87311,0.0007724,0.0007724,0.0007724
33,88.8694,0.65115,0.70232,0.87834,0.99236,1,0.995,0.8955,0.70161,0.66263,0.9264,0.0007328,0.0007328,0.0007328
34,91.4951,0.6318,0.64871,0.88614,0.98442,1,0.995,0.85156,0.66684,0.52396,0.88883,0.0006932,0.0006932,0.0006932
35,94.1693,0.63456,0.66381,0.90288,0.98605,1,0.995,0.75788,0.76418,0.50148,0.89821,0.0006536,0.0006536,0.0006536
36,97.0022,0.59266,0.63956,0.89861,0.97292,1,0.995,0.80723,0.90869,0.56303,0.95972,0.000614,0.000614,0.000614
37,99.548,0.50939,0.57982,0.87664,0.9861,1,0.995,0.80723,0.84351,0.50553,0.94999,0.0005744,0.0005744,0.0005744
38,102.292,0.58698,0.65773,0.8936,0.98618,1,0.995,0.86282,0.62435,0.42136,0.88306,0.0005348,0.0005348,0.0005348
39,104.916,0.58429,0.60316,0.8847,0.98618,1,0.995,0.85159,0.54738,0.47355,0.87189,0.0004952,0.0004952,0.0004952
40,107.631,0.59727,0.61009,0.88581,0.98978,1,0.995,0.90718,0.55159,0.52783,0.87459,0.0004556,0.0004556,0.0004556
41,142.813,0.51536,0.66767,0.8502,0.98823,1,0.995,0.82981,0.67094,0.54888,0.9164,0.000416,0.000416,0.000416
42,145.504,0.52511,0.67075,0.83178,0.98622,1,0.995,0.86708,0.58922,0.46566,0.88918,0.0003764,0.0003764,0.0003764
43,148.068,0.47162,0.59832,0.8188,0.98587,1,0.995,0.8629,0.51853,0.41123,0.87149,0.0003368,0.0003368,0.0003368
44,150.661,0.46236,0.57514,0.78753,0.98437,1,0.995,0.86291,0.53124,0.39218,0.86957,0.0002972,0.0002972,0.0002972
45,153.228,0.45553,0.56676,0.82095,0.98721,1,0.995,0.88491,0.52393,0.45346,0.86769,0.0002576,0.0002576,0.0002576
46,155.87,0.44971,0.57232,0.79559,0.98657,1,0.995,0.93996,0.52929,0.44907,0.87429,0.000218,0.000218,0.000218
47,158.38,0.47562,0.56989,0.8231,0.98681,1,0.995,0.91238,0.53516,0.46048,0.87467,0.0001784,0.0001784,0.0001784
48,160.996,0.46507,0.56526,0.81418,0.98708,1,0.995,0.86292,0.54295,0.4539,0.88246,0.0001388,0.0001388,0.0001388
49,163.556,0.44925,0.54447,0.80304,0.98694,1,0.995,0.86293,0.54806,0.44484,0.88463,9.92e-05,9.92e-05,9.92e-05
50,166.109,0.43523,0.53061,0.83452,0.98672,1,0.995,0.86296,0.534,0.45807,0.87545,5.96e-05,5.96e-05,5.96e-05
